artist,track,duration_ms,uri
Fifth Harmony,Work from Home (feat. Ty Dolla $ign),214480,4tCtwWceOPWzenK2HAIJSb
Imagine Dragons,Believer,204347,0pqnGHJpmpxLKifKRmU6WP
Shawn Mendes,Stitches,206880,3zkWCteF82vJwv0hRLba76
Camila Cabello,Havana (feat. Young Thug),217307,1rfofaqEpACxVEHIZBJe6W
Sia,Cheap Thrills,211667,27SdWb2rFzO6GWiYDBTD9j
The Chainsmokers,Something Just Like This,247160,6RUKPb4LETWmmr3iAEQktW
Camila Cabello,Crying in the Club,216391,1SJtlNRJDeYHioymcvsqev
Shawn Mendes,I Know What You Did Last Summer,223853,2GyA33q5rti5IxkMQemRDH
Fifth Harmony,No Way,177267,22kXvw7mAvMvyZxPnhYzaa
Marian Hill,Back To Me,172467,3NpsflsHTAoand4Jl3ruP7
Liam Payne,Strip That Down (feat. Quavo),202062,29JrmE89KgRyCxBIzq2Ocw
Dinah Jane,Bottled Up,199301,2LHIwubgdCjbbBaoP9gkWB
Camila Cabello,I Have Questions,221881,3NgCzSW98SsqBdpYcnm4kv
Fifth Harmony,Scared of Happy,203533,2LNDflccYzJaardeFvyntT
Khalid,Love Lies (with Normani),201707,45Egmo7icyopuzJN0oMEdk
Justin Bieber,Sorry,200787,09CtPGIpYB4BrO8qb1RGsF
Demi Lovato,Sorry Not Sorry,203760,7gvd8xj4QgPqbQSsn5pV7d
Halsey,Strangers,221206,11EDhDAVDtGPoSar6ootYA
Taylor Swift,I Don’t Wanna Live Forever (Fifty Shades Darker),247160,55n9yjI6qqXh5F2mYvUc2y
Normani,Slow Down (with Calvin Harris),205986,43tgC5pTYJpc5D3C9HRwEg
The Chainsmokers,Paris,221507,72jbDTw1piOOj770jWNeaG
Lauren Jauregui,Expectations,204067,1EXotCuzdXR34W1MoP6Um7
Dinah Jane,Fix It,202003,3AhqhEO6SgFf7UevM80G2T
Normani,Checklist (with Calvin Harris) (feat. WizKid),169814,5xesHO6GLWTrjsKOjAXRmf
Kygo,It Ain't Me (with Selena Gomez),220781,3eR23VReFzcdmS7TYCrhCe
Halsey,Now Or Never,214802,7i2DJ88J7jQ8K7zqFX2fW8
The Vamps,I Found A Girl,179440,7I8EGPtqTwlC0UlCAkpYtP
Harry Styles,Sign of the Times,340707,5Ohxk2dO5COHF1krpoPigN
Niall Horan,Slow Hands,188174,2cOUlop2ZakjOKe4WinesN
Demi Lovato,Tell Me You Love Me,236987,1MKZaAEx8RrzoQjHhVuvgs
Little Mix,No More Sad Songs (feat. Machine Gun Kelly),225200,1NXDq5UBby80GsRNjGXVwE
Katy Perry,Chained To The Rhythm,237733,7qvxFz3JodM0A7xEM7k3YD
Dinah Jane,Retrograde,202249,1G47ZCvS5SFrOR354Kcmp6
Normani,Waves (feat. 6LACK),215671,2qHk6Nz5glNQrjW8Rhd5kv
Miley Cyrus,Malibu,231907,1UZOjK1BwmwWU14Erba9CZ
Hailee Steinfeld,Most Girls,204400,10GJQkjRJcZhGTLagFOC62
Little Mix,Power (feat. Stormzy),242293,02gj0J38nzyO9lNi9mzi3A
Hayley Kiyoko,Girls Like Girls,229656,3dNjUFt6EFU4Gq6Q5vfJqf
Taylor Swift,...Ready For It?,208187,2yLa0QULdQr0qAIvVwN6B5
Lauren Jauregui,More Than That,158733,180WImKPbvdUrboKUov5f4
Cashmere Cat,Quit (feat. Ariana Grande),258188,4rwqrKdwlFWJ6LvPYaOtgn
Katy Perry,Bon appétit,227813,4rHmKlFRiFzabiVO6e9w2e
Little Mix,Woman Like Me (feat. Nicki Minaj),229720,222B3aljXx6fFwKmFjuBED
ZAYN,Dusk Till Dawn - Radio Edit,239000,1j4kHkkpqZRBwE0A4CN4Yv
One Direction,They Don't Know About Us,201693,72C7aUQECOhNtnD0AC36ua
Evan Blum,Camila Cabello,96705,1nx30gTiD5In91xUEhFzgh
Ariana Grande,God is a woman,197547,5OCJzvD7sykQEKHH7qAC3C
Lady Gaga,The Cure,211364,34oB5r0lcN3fYWCs2uA1k5
Selena Gomez,Fetish (feat. Gucci Mane),186113,4lnAN2S1fcI0SjxEbksZVr
Demi Lovato,Sexy Dirty Love,213173,3r6WBXYZ3pmKgFPj7Thccf
Justin Bieber,Friends (with BloodPop®),189467,7iNIg7XDEaYECfWD5dJ9Va
James Arthur,Say You Won't Let Go,211467,5uCax9HTNlzGybIStD3vDh
Iggy Azalea,Switch,189600,052ekJWXgZuiW8uEfclKGu
RedOne,Boom Boom,248364,4NzenFNqsYRvrG7rLdF1Ej
Ariana Grande,thank u next,207320,3e9HZxeyfWwjeyPAMmWSSQ
Little Mix,Secret Love Song (feat. Jason Derulo),249813,4JIo8RztBbELr2gWJ5OGK6
Katy Perry,Swish Swish,242520,3OtMnyUaiipcAT23A8liyi
Meghan Trainor,Like I'm Gonna Lose You (feat. John Legend),225053,2YlZnw2ikdb837oKMKjBkW
Chris Jauregui,Next Life,183589,3azUgLAQwGgQLD3Vgix1ul
Gia Woods,Only a Girl,213159,6Xaf3HcFJhY0P2KjRDEKgs
Hayley Kiyoko,Cliffs Edge,213261,5Q7Z26cX90eA14VaVg3xtB
DJ Khaled,Wild Thoughts (feat. Rihanna & Bryson Tiller),204173,1OAh8uOEOvTDqkKFsKksCi
Ariana Grande,breathin,198160,4OafepJy2teCjYJbvFE60J
Silk City,Electricity (with Dua Lipa),238173,5N4erncE7kuUccm7zEmwzk
Zara Larsson,Ruin My Life,190932,5tAa8Uaqr4VvA3693mbIhU
Miley Cyrus,Mother's Daughter,219080,2WyRfGeHo97VC5mP1BBSzr
Taylor Swift,Gorgeous,209680,1ZY1PqizIl78geGM4xWlEA
Rihanna,Love On The Brain,224000,5oO3drDxtziYU2H1X23ZIp
Bea Miller,yes girl,231391,7rBJG1BewE3VE7NRbrOhFj
Louis Tomlinson,Just Like You,205217,5IF6IBPqbclVR7SQKmCIyA
Sabrina Carpenter,Sue Me,179227,3WVhkjB7Y4xFruqoCAajBb
The Veronicas,On Your Side,171693,7mTgsbq7n8jgnwLswpgugB
Beatrice Eli,Girls,183653,0MxBQqV3C815arNjQneuPp
Jen Foster,I Didn't Just Kiss Her,181733,7j3lAZQJpUHTT1DfXQKnER
FLETCHER,Wasted Youth,218960,28vj39QmlHk8Qmf6NGYo4O
King Princess,Pussy Is God,205533,6VCeywT4JeawuZOUkQ1okx
ZAYN,No Candle No Light (feat. Nicki Minaj),195027,3g2738D4yQGvjZ4xupIr95
Elektra,I Don´t Do Boys,169459,7xXZ0SmSvLXi8v24lvy2Ys
Mark Ronson,Nothing Breaks Like a Heart (feat. Miley Cyrus),217467,27rdGxbavYJeBphck5MZAF
Becky G,LBD,203504,3c0uKKorZypy13KkO1u8AD
blackbear,Idfc,245172,6y6jbcPG4Yn3Du4moXaenr
Kelly Rowland,Kelly,181733,6z3i2GmNY6hfeD8ntbMlbx
Sizzy Rocket,Bestie,209893,7wLKwUWadXG9txpBecyYvQ
Holly Miranda,All I Want Is to Be Your Girl,155027,3guh1SDKtf0KhA8dIlUY9H
girl in red,i wanna be your girlfriend,204991,3h3pOvw6hjOvZxRUseB7h9
Blind Fury,I Want Her (feat. Georgia Harris),182753,09YXtRJuqm9H6cH7PhIls0
Jen Foster,She,250800,04cePI0HBcLfWsuTSDzhIF
Zolita,Explosion,204095,5YoBOfD0OlfkDnpWh3l6VD
The Blow,"""Come On Petunia""",226787,2nyuP0aVQ4mdGM5VE7AbsN
The Butchies,She's so Lovely,202293,4GP9tCJKmYD8maZqiFNdzp
Various Artists,I Think She Knows,184813,2IeOgn7m7SnlAE5fquVutV
King Princess,Talia,207720,53jbdPQBaH6WaQvW0zmGBs
Ani DiFranco,If It Isn't Her,237827,2nBB42lNmkh8qlzEUOmEwI
Luna Blake,Horizon,203880,1WVWOXTueYeeYfBiGMOIjW
Shura,What's It Gonna Be?,214754,1Jb8fejyUddXtl2JKAEFmQ
Taylor Swift,Look What You Made Me Do,211853,1P17dC1amhFzptugyAO7Il
Lost Kings,Look At Us Now (feat. Ally Brooke & A$AP Ferg),225687,2idTnDVMIFBqdoHodX8WQc
Imagine Dragons,Whatever It Takes,201240,6Qn5zhYkTa37e91HC1D7lb
Selena Gomez,Kill Em With Kindness,217907,7KxhSJOYiqCDclXDBNlFSZ
Zolita,Holy,182073,3gNyOIjOkBQAtq2pSHvzRW
Various Artists,I Need a Woman to Love,268840,0nv25WB0VNBeec3XLvp0fg
Various Artists,I Need a Woman to Love,268840,0nv25WB0VNBeec3XLvp0fg
Mary Lambert,Know Your Name,244933,2px10xaPpeVd2bLLZBGBD9
Mary Lambert,Know Your Name,244933,2px10xaPpeVd2bLLZBGBD9
Mary Lambert,Know Your Name,244933,2px10xaPpeVd2bLLZBGBD9
King Princess,1950,225133,0CZ8lquoTX2Dkg7Ak2inwA
Jasmine Thompson,Hey There Delilah,226090,4vHUtw7dbHNuYMUTIBwRZI
Gina Young,So-Called Str8 Grrrl,124653,5XUZUnnvjObWveOA9fpO7L
Various Artists,And Then She Kissed Me,126533,1mVj7sdHn0zjcjON0v1ShS
Gossip,Where the Girls Are,104600,0DrLOb4uymlOZwYSWpZj8o
Frankie Cosmos,Sappho,112879,13pFTH1XsXp4enELc9QPcN
Julia Nunes,Make Out,169413,7sDNOhZKTb7RBDm3udUGDo
The Internet,Girl (feat. KAYTRANADA),415613,3PFaFVWq5wucLu6s4baj9D
dodie,Sick of Losing Soulmates,267360,4hjbxjZpJ8H6qRCzDOGI0M
A Great Big World,Everyone Is Gay,130067,6AejjYRSi4L2p01COyXLjd
Various Artists,All The Things She Said,207773,49TEmQTc0AqVpT693WX1qu
The Dollyrots,My Best Friend's Hot,190133,2FVEJt4xS9rumGapVJfw82
Various Artists,Rebel Girl,157333,0XyjtybwqSdqMAFfBEkmZf
Sofya Wang,Boys Aside,230000,4GEQub7U5aZP5so979h4oD
girl in red,we fell in love in october,184154,1BYZxKSf0aTxp8ZFoeyM3d
girl in red,we fell in love in october,184154,1BYZxKSf0aTxp8ZFoeyM3d
Shura,Touch,214556,2ylVfK4pVfeSV4zxieyT2B
Shura,Touch,214556,2ylVfK4pVfeSV4zxieyT2B
Shura,Touch,214556,2ylVfK4pVfeSV4zxieyT2B
Shura,Touch,214556,2ylVfK4pVfeSV4zxieyT2B
Sixpence None The Richer,There She Goes,164280,43z6scIZU2QcEieMQFAJRG
Sixpence None The Richer,There She Goes,164280,43z6scIZU2QcEieMQFAJRG
Various Artists,Mad About the Girl,191480,2bNDCbxCEPMa0qBzh26MEm
Various Artists,Mad About the Girl,191480,2bNDCbxCEPMa0qBzh26MEm
Kina Grannis,Shut Up and Dance,159010,7znZOKabUQzUMXjgMXDuem
Kina Grannis,Shut Up and Dance,159010,7znZOKabUQzUMXjgMXDuem
Zolita,Come Home With Me,216972,4NxDvQ3EwPWkKJxMqPgI9f
Zolita,Come Home With Me,216972,4NxDvQ3EwPWkKJxMqPgI9f
GIRLI,Girl I Met On The Internet,221866,3HPaR5OOXPAfP8dnURL1MG
Mary Lambert,Hang Out With You,192973,1n7q1rrF1OhCaoNXivsxq2
Kina Grannis,Sweater Weather,213236,4oQRyH9ezQmDkv4uNiYsfb
DEV,Lowkey,228961,2xAbxZ14XtJQem98EfbGNa
Dressy Bessy,If You Should Try To Kiss Her,164267,4RE5XmTFux3rumRegxnzLA
Chelsea Lankes,Secret,227524,2QGQRq5m7l5qZ1YTB5nK8e
Kadie Elder,First Time He Kissed a Boy,187978,72ey4Cr2eXXwH9IMlhzuCV
Gina Young,Punkrockdyke,205667,7uPmgGZinlPnEDP178hQh4
Alyson Stoner,When It's Right,166316,2WSZRMMVKMdJG7S3KqrtlH
Alyson Stoner,When It's Right,166316,2WSZRMMVKMdJG7S3KqrtlH
Alyson Stoner,When It's Right,166316,2WSZRMMVKMdJG7S3KqrtlH
Alyson Stoner,When It's Right,166316,2WSZRMMVKMdJG7S3KqrtlH
MØ,Nights With You,197495,5q5gzmbBS5yQzos2BvVr1t
MØ,Nights With You,197495,5q5gzmbBS5yQzos2BvVr1t
Bets,Jenny (feat. Kiddo),199467,7qCi0v4rNcnQMlZvbUXyOp
Bets,Jenny (feat. Kiddo),199467,7qCi0v4rNcnQMlZvbUXyOp
Miki Ratsula,Radiant Warmth,285408,4jt1LSZ6mQxufdrWzkrKoc
Miki Ratsula,Radiant Warmth,285408,4jt1LSZ6mQxufdrWzkrKoc
King Princess,Femme Fatale - RISE Recording,173227,0mAbTVcMX3KLOGJTfkhfFy
King Princess,Femme Fatale - RISE Recording,173227,0mAbTVcMX3KLOGJTfkhfFy
MUNA,I Know A Place,272813,0bPSRn4crnh5f1JhELPlyL
MUNA,I Know A Place,272813,0bPSRn4crnh5f1JhELPlyL
The Butchies,The Galaxy Is Gay,98640,1vOLAEUHw9CSQODh0QzSMF
The Butchies,The Galaxy Is Gay,98640,1vOLAEUHw9CSQODh0QzSMF
Amandla Stenberg,Let My Baby Stay,144933,7uCWAhAVOR487BVKlRf9kp
Amandla Stenberg,Let My Baby Stay,144933,7uCWAhAVOR487BVKlRf9kp
Little Big Town,Girl Crush,193320,11qh54D0PKkBwelpDxxiEU
Little Big Town,Girl Crush,193320,11qh54D0PKkBwelpDxxiEU
Childbirth,Since When Are You Gay?,171347,5gxTAugcoXkbN3taPi4db0
Childbirth,Since When Are You Gay?,171347,5gxTAugcoXkbN3taPi4db0
Keiynan Lonsdale,Kiss the Boy,261616,30LVVHovT76CEZUbexup1k
Ji Nilsson,Love You Anyway,209388,3OBYtowZmjPkcdsMa1gCl3
dodie,Would You Be So Kind,180952,3ZiuxcBeRanTjfHzVBuuQe
Jessica Manning,Kiss Me,256667,4NWD6k0HR76zIOS9xJb4gB
Tribe 8,Butch In the Streets,122267,0IuqYXO6yquiylMNbgbFL3
Various Artists,Queer for You,126880,3QQHVSegfne5bNQlvq55TX
Worriers,They / Them / Theirs,138824,5zpUjhFZWLZ7vCVk6ZpnRs
Tribe 8,Lezbophobia,163627,3YR3y3kQw2knQiI1aYomBj
Onsind,Heterosexuality Is a Construct,212577,6jfXrUUBLgpOUkkDyq0FYF
Dog Park Dissidents,Queer As in Fuck You,128000,4dskIT39lQekGe0SJZgQOc
Against Me!,True Trans Soul Rebel,192813,2GfFlKrsFYNy075as5Mxd6
Schmekel,Genderqueer Love Song,154000,2gRsjMS35bDf7BME8S5EyY
Pansy Division,That's So Gay,148271,53lYBRrPeI1Z4DPPPm3jqc
Ally Hills,Space,192995,6McHtslqphPTYyldY1gFfq
cupcakKe,Lgbt,161332,0lsw4q8Jei7gEoV7kFe3DS
Tribe 8,Wrong Bathroom,175867,2rxPRLVeFZOuBhaNnwHKDS
Art Project,Gender Nightmare,173865,3b8twLqft1kc9UEOwoV1G2
Pansy Division,Fem in a Black Leather Jacket,123690,0DAnR3nFavUWxSBatan0sW
The Mourning Sickness,Gender Trouble,280413,40zPmgnHyW5Y0GIzdLmYl6
Team Dresch,Fagetarian and Dyke,165560,2942YKHIqF1XHp7fvp1iEN
She/Her/hers,Gender Is Boring,187164,6bwTLoNvUPS3sdDb0zwhPa
Ste McCabe,Queer Clubbing,120107,3de2YOCwVjvXvpZTQUDw2P
Skin Jobs,Gender Bender,352707,3Kr8hiaIFy5BnXhPNa06Bj
Sleater-Kinney,I Wanna Be Your Joey Ramone,156987,1NVq4MTXJVqJ1Dw7LJ6KD4
GRLwood,Bisexual,120341,1w47gZOFLLt9voDEyK7fGd
The Spook School,Binary,195080,7fuoCSFDSs90fRmYLb2aUi
Jake Edwards,Second Puberty,225128,679thEYNroJxq1SZhuizI5
She/Her/hers,Nvr Pass,230350,7yJLS5bbD1BbVVXaRktMxP
Human Kitten,Gender Bronoun,97097,65AWhjrOO8HRD1Zf1mT4Iq
G.L.O.S.S.,G.L.O.S.S. (We're from the Future),91250,5w8lL6jy9wToBej9Lk9v2f
Various Artists,Daughterson,221180,11S0giTRnSvnXGBaUqZVSK
Size Of Sadness,Trans Punx (no bullshit),133108,6Sbnftu3pBiGTwFuS0oAzU
Tribe 8,Femme Bitch Top,210133,1Z3u2SRADuEvJrzIFlj5DU
Athens Boys Choir,Fagette,199027,5f7nZkoBIYMQgvg6XXzjA6
Skylar Kergil,Tell Me a Story,171053,17f67RRTPes2VB0wRvXB8c
The Spook School,Burn Masculinity,122947,3RXXtxXROnMPMG4hnyuUTB
Wrabel,The Village,230293,6epvwUINain4iSHCTWA0sj
Various Artists,they/them,104865,6qOVEzbB9IWfoUQFGYBfBI
Dani Shay,Girl or Boy (Live),167721,0sQ0SVEggePamQlqdbNFFb
Ryan Cassata,Daughter,180326,6GbYypkPUOxX9FdLsIvtCv
Benny,Little Game,238534,0ODyahnUlK9G5bT4dA5NCI
Jake Edwards,You Can't Tell Me (I'm Not a Man) - 2019 Remaster,267173,1MH7afub7lFfO6XiTbXJNd
Marissa Kay,Trans Is Love,218523,02zMcU43H5iJyl66LwOwAX
Various Artists,A Guy Named Joe,401268,0b2pnShJMfrWNUN1sfKvX0
Saint Wellesley,Dysphoria,160899,4b64WyYP30C36FOTdIMFp9
Schmekel,New Men With Old Man Names,290000,5cxKZIaiALkVAPs64OHjp5
Mother Mother,Body,213573,3UFnjqDaLc6WMtvE1UrXek
Dyke Drama,Cis Girls,146488,4v8SsmOafWMOvmiRgQ3SXI
Shawna Virago,Gender Armageddon,203996,4Rzt8z186TNaI0sSHl28Mp
7 Year Bitch,Dead Men Don't Rape,167333,4iGxxqZaZ2Z0YFiXgd8n8O
G.L.O.S.S.,Lined Lips and Spiked Bats,85625,6y13wDOK51lFoHDK6g8urg
Against Me!,Black Me Out,187253,64iVxiM8zRfcUeOYXDFtS3
Bitch and Animal,Best Cock on the Block,219987,2v9iDETgjeaohEdsO7E92w
Jake Edwards,Pink & Blue,351147,5qDFAIBGXkDs75G9RBTpxz
Benny,Boys Will Be Boys,218056,3uhvGiBZWL2sot0pH0qRsR
Cavetown,This Is Home,226073,2TI2fw9FWPeah6N4k1b4NU
Left at London,Revolution Lover,142703,3qBg6BeHJlGgwl5aCa09EC
Dyke Drama,Crying In A Bathroom Stall,122321,7gvEYcHzDenUE7KoPDSpvY
Jinkx Monsoon,Just Me (The Gender Binary Blues),277720,6afaRKfujB20eezM5jsayL
Matt Fishel,Radio-Friendly Pop Song,229873,2XYWgfVEI64tTKl4NCxWIQ
G.L.O.S.S.,Masculine Artifice,81375,4QQ4UqsfbQYw4wB9aGFU9J
Against Me!,I Was a Teenage Anarchist,195160,5UwGMbEKlvXFj7DXI1d0P1
Jake Edwards,Changes,151291,2YkYAJIEHSZSn0qqJvyRBq
Katastrophe,Something Different,195907,6GLPyrECWbSM8h3KhBF1lQ
Mallrat,I Don't Hate My Body I'm Just Afraid of It,117010,0DEIW2mFGt8zyrLZguMULi
Limp Wrist,Fake Fags,97547,5sutRngdbW01YegS9jkV5z
Pansy Division,Blame the Bible,218160,0yp8Bo0AfL89ctPxCpG2tU
Art Project,Pretty boy,144139,60qqK5BgdlvHjtERmW6200
Against Me!,Paralytic States,192587,6iNCBysBe8sSqElsPCiwKt
Katastrophe,Man Enough,107120,7cruHH1vV8argDd9r6Oo3x
Left at London,I Don't Trust U Anymore,151563,3k1xI9HUi76EEhKkWxYtbe
G.L.O.S.S.,Targets of Men Targets of Men,113000,4NYRtDYROQW2D2ctcylcri
Bitch and Animal,Boy Girl Wonder,201507,6ZT0asT2pvIZPiEG1LyEJE
Skylar Kergil,Brothers,239747,58z9RRsYcai9hlFKuhgHNl
Bratmobile,Gimme Brains,136880,2ICGarWJwQiIGMl07os7sQ
Ryan Cassata,Bedroom Eyes,183613,0SdAxMZrA52HSBQG9oon8b
Namoli Brennet,Boy in a Dress,296973,02L1ngagXNRt8W3Flbe9Sw
Jonesin' and the Hurt,Genderless (Hidden),231163,5DGtpkRDmGMZFLfDsI3JgE
She/Her/hers,Family,278750,5vbNso6mEMCw9Qo9OPGinb
Various Artists,Homo Christmas,155080,0GBNZzY48JTQyNQL4ujfLJ
Athens Boys Choir,The Metrosexual Threw Off My Gaydar,158827,3Hcdnp3qDZG6inzM0fDTfd
Namoli Brennet,Thorn in Your Side,269000,14305jxEkGHw5fS3SuKziF
PWR BTTM,I Wanna Boi,122973,6shhReGKYdzCXtXxCIc1dF
Skylar Kergil,On Birds and Bodies,273831,7BUxXRuirynjW5r9TAdpUt
Lip Shit Queers,Gender Queer,277014,3pkTe4qIPOtIOEVBnkir22
The Spook School,I Want to Kiss You,171107,5mw9SltQ4R2vIlCCxbsbI1
Elmo Sexwhistle,Genderfuck!,249801,0732vvmo0tqLdYETD9uX3r
Athens Boys Choir,Tranny Got Pack (Revised),106960,0bgQdNIFZpNT5zDiP5WpIG
Good Asian Drivers,Third Gender,212747,057gxE4ekZzEJbc9zi7ByU
The Homophones,Mala Strana,136720,30WP4JherzL69XQVzOvjRu
The Homophones,Mala Strana,136720,30WP4JherzL69XQVzOvjRu
Namoli Brennet,Marjorie,175466,5px0q4BOJoL26xBxeZCqoz
Dazey and the Scouts,Sweet Cis Teen,273302,3BtI05wNziDrIODXJqdKkK
Shoplifting,Male Gynecology,188213,3XhqrYTTx6ccfaYAdQKeDW
Gay Panic,Joy Boy,204307,1E2046mWgotmxbXXT8z30h
Dog Park Dissidents,Trans Starship Feminist Bdsm Paradise,181875,3qkhVY8Lg2v8IpL9kVRV2J
Angel Haze,Battle Cry,292098,13kiXTWqDhjZFh6A8dsJvl
Limp Wrist,Want Us Dead,91280,7CmEkoKx2RQXSjYkGkmXB9
Shawnee,Warrior Heart,262387,6iFyLU1hplV5Zc3uT7wGV2
Mother Mother,Body Of Years,278400,23bbkcQn2xZ9RXfTWY9lmK
Jay Boogie,Precious,252400,3AicVN3XffQb1iZRhtzm0Y
Poppy,Am I A Girl?,217855,6v3b2lQADc1ugsXvrqYZIB
Rae Spoon,Do Whatever the Heck You Want,169253,6qqeiwr7YiljWgjjTf9nRg
Ren Stedman,Bigger balls than you,247500,5iLyangX7Qyp88ZqxhLIu2
Ryan Cassata,Man in the Mirror,209133,1K6SsRvVwMyBBD2d8x1zsW
Ankle Grease,Gender School Dropout,123159,1KPEGy3qfqSW1LYxlcHvvo
Dyke Drama,The Thing I Do Best,130598,5Ae7KzPFdnb8PgrMBjI1oo
Dog Park Dissidents,Rainbow Drones,174000,7jSiDaSVeZbFQo9zfjYv7N
Various Artists,Big Dick,120733,4g0LJ7M53BKwJxcstEMUD1
Boyskout,Girl On Girl Action,240027,6oROLuyOg6uEMgAASOMFhe
Sons of an Illustrious Father,U.S. Gay,229432,1JzwqaeFmZMYcVItN5jEqS
Ashby and the Oceanns,Queer Kidz,192000,7dB4icCDKYHBc2gbmbz71c
Murder Person for Hire,Chaotic Gender Neutral,132443,3x2IkVx6SI1FnIuHUzkojR
Franz Ferdinand,Michael,201307,4I8ATtKjqwp7o3O2AzAmKr
Hunx & His Punx,Lovers Lane,215133,2C3NdJNp7DkOLtARovoL68
Christine and the Queens,iT,218159,3qth4Wzm1QBGxkusVF8BaN
GRLwood,Vaccines Made Me Gay,144158,5y6nKxDUiSl8ZcRCvhiseo
Super 8 Cum Shot,Everybody Loves A Muscle Boi,146067,7lAW8ktaLel4yB2oF4bbJ0
Boyskout,Back To Bed,160160,5o0ajBbivQnDdUJ3EpGqzj
Team Dresch,Hate the Christian Right!,155800,7wkJCZqzcq7Piy2CubXyrd
Joan Jett & The Blackhearts,Androgynous - Recorded at Spotify Studios NYC,175080,1moVuTTH3Kh1FLMAJoriAz
Various Artists,Go Away - Live,207107,1HY3FrGW7H3PIQG4rsF0dt
Fagatron,Like a Prayer,135600,6KQoqZBZzt7sw3xUZMg4bG
Eli Conley and Hip for Squares,Pinocchio,202733,7HOzxsMreV4gjdkK7BFxDB
Kiethevez,Always A Boy,269707,4gjWONpz436eD5vzJgNPKv
Left at London,I Split My Ribs Open,216473,4etOOAJ1kDwDCfxMIRbG7r
Gravy Train!!!!,Wutcha Wutcha Wutcha Doin' Tonite?,171000,39O0Wr82PqTsUhZudhcjmX
God Is My Co-Pilot,Steal Yr GF,84347,6eY7QtqVFQ1rDBmVSLddOT
Queen Zee,Sissy Fists,143853,3XPJMp4eqVLiA2OPUxlBL0
Mouthfull,Ugly Face,155016,1hgBT7TEr5kPJbwSjKCLwy
Asher Brown,Hey Little Abigail,204843,0gMw3oQlnH4WNXOIkRAqED
Rae Spoon,I Hear Them Calling,241027,25pZ9Cgj1fAFjBsDCLucQO
Gay For Johnny Depp,Hey F*cked Up! (Punk Rock Can't Exist In Countries With Good Social Services),133959,0hDRtm0cHZ1DjARrkri6Vm
Ryan Cassata Music,The Trans Slam,64625,12Xe8mjeAOPuGJZcu1HPYj
Boyinaband,Spectrum (feat. Cryaotic & Minx),251077,0j3ZLRvMewKbFupgldgNo3
Hunx & His Punx,Bad Boy,161200,0kbT4Z59wpe6xqm9pvdiLL
Propagandhi,Homophobes Are Just Pissed 'Cause They Can't Get Laid,104587,7kLAwZQPqGQwTK5mrfRdnX
Eli Conley,Strong and Tender,255587,2DiLk4YKnwKmMp9jkdyqrH
Ren Stedman,What I Have Become,194673,6snCOlXgYAN1HGHvc7QL3X
Aye Nako,Sissy,111253,5hnmoBHa961EykhYnvCkfk
Qfolk,Nonbinary Fantasy Trash Babe,206477,4NdQMciiUqoPTp6QNjvLXM
Asher Brown,What Makes a Man,258283,6D0Jo8rJZ920IImLDOwCQO
The Hidden Cameras,He Is the Boss of Me,173000,45QKXANStKBMI4TNBHrBsy
The Shondes,Are You Ready,198600,4IfudhsvSE9y4feq1y5bZ0
God Is My Co-Pilot,QDA (Anthem),170640,3IGxvn43QvFt14XE9v3P56
Frightwig,My Crotch Does Not Say Go,198453,0zW9K9bk9dCsqNtATMLAmO
Hunx & His Punx,Everyone's A Pussy (Fuck You Dude),30600,7FylXH24EqeBVUjFb9MziU
The Hirs Collective,From My Mouth to Yours.,226969,15atCODVVCzFRjaxgzZQRV
Human Kitten,Space Princess,98089,3BVBb42DMtZ7gSftuLNBn4
Fabulous Disaster,Gia,136133,4PTX6gzbU6Bepk6WNUHCT1
Tuffragettes,Tuffragettes Against Terfs,221714,1qIrhdM0rcteR8VBPVcxrR
Ezra Furman,Maraschino-Red Dress $8.99 at Goodwill,150000,4XnC4TjZMpyoklzeqlQQlL
Skinny Girl Diet,Dimethyltryptamine,221940,3zw7N0i5009LMkPCVoKexJ
Gaymous,(Let's Pretend We Don't Have) Feelings,289988,1jz5tjjGQR2qotlnsqOCDK
Rae Spoon,Ghost of a Boy,212040,7BL8GTgqJM40dWbOpoAr6C
The Groans,Skin,168594,13glfHd2Eg1pkwuGdiO3o9
Eli Conley,What I'm Worth,245933,2tQ7xwTN84TjANEMTNFDtH
Evan Greer,Last iPhone,217325,6S2zDFOUAJgU93GbDxActq
The Butchies,Insult To Injury,253093,3LfPsgGIeamPFr5pldhdhz
Ludlow,Trust No Cop,233093,0PhP8Mx3DiGGlSj319L0Ut
Bitch and Animal,drag king bar,282933,2Qxxw5iOB0tpK8HFMDS2Na
Red Aunts,Rollerderby Queen,128000,24jZmh11xfYIoOmCwGgFxC
The Magnetic Fields,Andrew in Drag,132573,5mZrhh1eP7YJpdMyOogroU
Riley!,Theydies and Gentlethem,166421,5nLpg72xY5IeLcBObZXnoE
The Groans,Colors,229389,1CIVKxQTjN9Ed0woZbzx2z
Aye Nako,Nightcrawler,201653,4sboD9lbHeaBNtqjzHvNMW
Le Tigre,Dyke March 2001,277800,4joSIMcsDjlIxrVQe9ARbJ
Evan Greer,The Spring,265901,0nrXwAI0VUxTL7fZyJuQBM
Ren Stedman,Problems,251192,5FvYAjRAKPvXAlLT6MEEew
Fagatron,Anthem,86627,0dO1litJPyMPOvgWl8hyGa
Gender Work,queer bodies in motion,91018,1Dlx6KqbIz3ottWZIBaPMv
Polythene Pam,Middle Age Transsexual Theme Song,205571,0p9Ux2ZWzP2FPOidbssQ92
Fagatron,Flip Flop,60813,4ig98bWAm1lHvVRPzOCY4y
Travis Love Benson,Universally Accepted,316997,6TpWNYdnz3DQAuFazn5IZU
The Hirs Collective,Yøu Can't Kill Us - Kilbourne Remix,128015,2t7Xg6gtvP8mndG7EUH6Id
Ashby and the Oceanns,Ode to Boy,174000,0wkgChEF8ykUuqet1msCeT
Liam and the Bees,Genderbender,219063,1SW65dsJKY96kcW4f1fVvT
Victor Quinlan,Not With Haste,314227,5WmVn3pLX7uremA2hSMxJq
Ren Stedman,Bugs,159000,6yzLI0MC1ITpKYpJ6W4WQg
Joshua Klipp,Little Girl,283387,7n7b365Q1WOtytgDFiDg7u
The Breathing Light,Real Fun,340403,68u6j0LuDysA74Cw06A8c9
Pussyfoot,Animals,308782,6wdYzuG8iXrBgCAvcZ5lUU
Onsind,You Should Probably Keep It All In,232082,6QLQ4LZT7ZjOiieybviOq3
Shitting Glitter,Socially Activist,224747,3WeqFMVz27t9ermIH0M8Nf
The Homobiles,Homo Safe,178000,17K6hP8Xp9bhYLjzy2u5LH
Harley Poe,Transvestities Can Be Cannibals Too,276973,46KacVTVWMkyXS0jf7TwOX
The Hidden Cameras,Steal All You Can Motherfucker,155867,6vWmHul0nhEbYmpvqhATon
Just Fern,Daughter - Basement Mix,145058,4Vlfswhr6xRaCH77pSHG4j
Niko,Monogamy,174315,1gJuaYVlFvri44htgAx1z0
Itsbambii,My LGBT Story,161960,53q4miTCUjwTarYbDUFfBW
PUSSYLIQUOR,Hurtz,198893,7oNIYDZQyhzoMvwEbAayqo
Limp Wrist,They Tell Me,135839,4dD7C6p1PyfR6ydEDP1w11
Mal Blum,New Year's Eve,394507,5IF2jZnQd8FMZtZjbV3MDS
Shamir,Room,156190,3fwgkZGshfsCjyPLIHewRf
Jesediah,Stove On,204820,1GY9F4neUZr9JPFyFFPYm1
Joe Stevens,Last Man Standing,291493,61Y02ePwPHBNxc7cFjABHL
Wolf Girl,Middlesexy,175496,4pWgqAZhgvzDpdgf3c2Mfm
Various Artists,Songs,237897,2y4sxkaKnJ3Feef4oxfy7X
Butch Baby,TERF Bangs,166484,6HkdLlCLqLlKcZgr4YAOBe
Mary Wander,Gender Ender,151377,1gwRlk9y6YsWlLClQIwt9q
Jesediah,Lonzo,206401,6s1dwk2b1xBgEiISm6ZfHJ
Jayne County,Man Enough to Be a Woman,259960,4Bjk9uDajpnavvl5tRUvFt
Vivek Shraya,Part-Time Woman,126427,2fB0l9upVjg0QTeMyrIVtc
Vivek Shraya,Part-Time Woman,126427,2fB0l9upVjg0QTeMyrIVtc
Cadallaca,The Trouble With Public Places,178893,0QrKS6lmqXPD33j1nIF2Xg
Cadallaca,The Trouble With Public Places,178893,0QrKS6lmqXPD33j1nIF2Xg
Partyline,Girls Like Me,131400,7sgV216Pc5j1eMdkIHTHIq
Partyline,Girls Like Me,131400,7sgV216Pc5j1eMdkIHTHIq
Le Tigre,TKO,204267,7KCvbMfHeYrBzK1HrZQt0N
Evelyn Ida Morris,The Body Appears,329907,40xyaQ3pjTIJ3OyQ7idC31
Evelyn Ida Morris,The Body Appears,329907,40xyaQ3pjTIJ3OyQ7idC31
Excuse 17,This Is Not Your Wedding Song,267733,74fuj0csuB2crGn1yQwtoE
Excuse 17,This Is Not Your Wedding Song,267733,74fuj0csuB2crGn1yQwtoE
Queen Zee,I Hate Your New Boyfriend,310333,3nQa0lqlFmaZp1tysc8OxU
Topic,Perfect,205120,0XMeekgnEZDoieio8IysUS
Metro Station,She Likes Girls,237866,2OsKN9Oy9Lt1xfxgH97Vaj
Catey Shaw,Night Go Slow,199842,6AWNMwzTLtF3OOhuekWvCW
Zedd,Daisy,174413,4ccQmBycgXDYtIA7Z1i32V
Mal Blum,Better Than I Was,204747,3PVMVCaFTwHwBt8bMV5FR5
Jesediah,G.O.A.T.,219892,15y4YAFCwYD4i6l346gXYW
Jayne County,If You Don't Want To Fuck (F*** Off),240907,3EP95O4mSLE67q8ZXEXbLT
Jayne County,If You Don't Want To Fuck (F*** Off),240907,3EP95O4mSLE67q8ZXEXbLT
Dazey and the Scouts,Wet,170931,1pMEVQiiBtlhBjRxOVqVVH
Seth Bogart,Eating Makeup (feat. Kathleen Hanna),180027,7Lp4kxMmr39jqdeDzlBr6m
Various Artists,Only Straight Girls Wear Dresses,284267,0kWQ6vZ6oOkLUCQ8XCQ6Rn
Lipstick Homicide,Rockerchick,126760,4MYEpjYsQ4EdKnUQAp3v1V
imbi the girl,V.I.P.,238881,4AxDzDeVTcZSda3BwyQB4w
Calamity Jane,Miss Hell,182320,6BDJYn1YxPbA4Q90eNZTI4
Left at London,Waiting on a Ghost,175765,7BB36bdHqYxX8nF06nyibp
Excuse 17,Watchmaker,188227,6N1VZL8KK4HV7EH1BuCoTv
Ah-Mer-Ah-Su,Klonopin (Orchestral Version),238241,0mMT9IhKjISFVb0ovDheFs
Aye Nako,Particle Mace,207467,0qvuueIQxRXy2ln27hKLft
Aye Nako,Particle Mace,207467,0qvuueIQxRXy2ln27hKLft
Laura Jane Grace & the Devouring Mothers,Apocalypse Now (& Later),135040,6qGwF0Vdeb3gWYC4BngkoX
Pigeon Pit,Nights Like These,121852,7s7KOxwTHHnVBmtphJKWRk
Big Joanie,Fall Asleep,181277,77CYN70fXcsSt36YXULjla
Peaches,Boys Wanna Be Her,235573,0MAior6fZ9hfPgzjphQLXk
Ezra Furman,Driving Down to L.A,198000,7dTJPGPxGym2JIeNYlSDSN
CJ Run,Spaghetti,185015,5UgfmNSLYuOs4ZMgakyffI
Tunde Olaniran,Namesake,275695,5YrkOgkJsk2c7kOZuhGmpm
In Love With a Ghost,Am I a Girl? Am I a Boy? Do I Really Care?,59481,1g89nNWU8XIjUQwc8BNVTD
Bad Cop Bad Cop,Womanarchist,172400,0kSSRS4Sg6Lji8r71B8IqA
ANOHNI,Why Did You Separate Me from the Earth?,216000,5SyBAbwn4GM6N3E71kUKfO
Kim Petras,Slow It Down,224988,2y6BWdMGo2KPJIwed5FwB9
Le Tigre,Deceptacon,184627,5773KSWFzg9kCc8yazjbSt
Placebo,Nancy Boy,210933,1ZOeXUr9ieWw80zs1T6pkp
Quay Dash,Queen Of This Shit,186070,6WjMhuicOF6QPHG7lR903C
SOPHIE,Immaterial,232807,6GoLARmR2OZl2EldehFrsA
Ruth B.,Lost Boy,275280,4h0zU3O9R5xzuTmNO7dNDU
The Killers,Spaceman,284547,1A8SxnqRK3qabmuN2qxIpa
Buzzcocks,Ever Fallen in Love (With Someone You Shouldn't've?) - 1996 Remastered Version,163693,5YUJMvTg4AWHKjqQidTsGK
The Cure,Boys Don't Cry,155973,1QFh8OH1e78dGd3VyJZCAC
Logic,1-800-273-8255,250173,5tz69p7tJuGPeMGwNTxYuV
The Total Bettys,No Kings,197720,4X0FMpgpQPwCSi2qOxQIzK
Maddie Ross,Loners,173470,6ZDIudbjBARuB06g0uZ3DG
Vivek Shraya,Girl It's Your Time,140536,5vI1FHsEtjYCcmvAePELU3
Maris,Boys,179814,5gOk0ahAp9m0qJgrPnte7y
Lipstick Homicide,What’s Expected of You,143880,6WDhgR2ibLxJHv0UU7utaY
Partner,"The ""Ellen"" Page",102051,1R2rckRNDQ5YnQmcLPtsKz
Torrey Mercer,Boys / Girls,199139,3YQ9Ep4WWYOaoeiiKO95KW
Frankie Simone,Queer,187157,4nAVcKAIwjMXLWeGDUSHyz
Maddie Ross,Hometown,192200,3fTyPLBaFBbm942d2gnPtg
Sizzy Rocket,Thrills,197320,68TXM2gUZtP3wSO6tlAY9C
Sapphic Lasers,Dyke Bars Never Last,323652,3J7jllserycmbM6yip9MCZ
Nicolette Forte,Hold Your Hand,217000,3wYdO3aBJBFagjfTIF3CSG
be steadwell,New Girl,236812,0Av1UWHv5iOoVI5n6OGg0P
Naz & Ella,Love Is Love,189336,5Q7QOxi2tEMxtCOK7ZkAl6
Zolita,Fight Like a Girl,220000,6UMX0iTW6kpJ7UnVlHKi9y
KAYE,Cheshire Kitten,178539,6u3l3OpXVwQou5IOY2nlFq
Track IX,Lipstick,185500,4mEQXzQTJG3spgvuSA2kiM
Celine Neon,Boy I'll Be,289323,2odNy2mDcGmT2mRDvrqQ3D
be steadwell,Love Song for a Dom Stripper,278040,29F3w4vAFz3ofj5XXV3pSa
Various Artists,Scotty Doesn't Know,189921,20LZUWVThxn2qmC5H89XFL
Shawnee,Mirror Me,233216,3Cov213ABesBBKlcDAZ5nu
Dump Him,Pretty Like a Boy,90000,1pSBQ6pEk7N9PFFiqS34Zb
It Was Romance,Hooking up With Girls,280514,0kRzH9bQA7343V3leDA5zi
The Gretchens,I Met A Girl,103613,5Pb2vadFo0Zexgaow7r5wv
Mara Levi,Homo Song,132813,1x5OsDw8wOwWs5nhgQWFBE
The Hot as Shits,Hot Bitches,198027,27N3FeEZsfOfAMcYgORT1k
Sequin Sally,Pretty Girls,277606,0JenjTjq7rMuOCSSa9Emdg
be steadwell,Witch,172227,6c0Un4quynBmNggIuEUEfx
Sizzy Rocket,Break up Song,163543,5Kcb8JHATt7qa4lA7o8eEX
Wasi,Pussy Grabs Back,161355,2co2YXR0LjuKr3S6taMcHp
Caitlyn Scarlett,Heart for Rent,231614,2N1JxiFY9VDI1Tqj6X1W5J
Heavens To Betsy,Me & Her,164248,1OFUiXco3EiML2xqDkKcT8
Lady Pills,Daddy Warbucks,174409,1gLIaLynmfOPZI27BvTsCX
Evil,Fleas,188736,1owExBo228EGk4mmiATqCu
Giant Kitty,This Stupid Stuff,186229,2igcereqXoI8tXoeeBvUov
The Tuts,Dump Your Boyfriend,211750,4WGE2OjXto8oAiWnfkrqKE
Adult Mom,Told Ya So,155059,3R0w2kUpJjgxEZgSlDNJPc
be steadwell,Netflix (feat. Asha Santee),158493,49pJ5Y5tKtyhwrNCjTJ6PA
Sizzy Rocket,Hot Summer,69753,1lPLstfTz0BoZu93MLzWpg
Whitney Lindquist,Her,221563,1LfOK38oh37YTFCBcG8TJg
Sara Renberg,The Only Gay Person,160026,04i9LAy7C7FAkR5I5bApMC
Lipstick Jodi,That's so Great,176787,3zKY2ldaDeSY5BWDM0PfX3
Julia Weldon,Went to My Woman,251373,3WFGVNiE5XHUmRpQmV70Wc
GIRLI,Girls Get Angry Too,186438,2W1VZm3OlfkZclxmVSQtpF
Alicia Champion,Bi (Radio Edit),196385,3d7XSJlvttp8KoPcEDWSyG
K.I.D,Antisocial,170819,6OKdYnX0DmyYsvpdMVND16
Maddie Ross,Physical,181757,3E9fQDtK7enet0i5QRz3eE
Sara Renberg,Elderly Lesbians,241051,2hWmZk2szBiyGFO2irMZJR
Lady Pills,Eat Them,131684,35a275I0UYr2P8Eg72s9RF
Sir Babygirl,Flirting With Her,230973,771588m7EgeqKlwZQLMTcs
Mitski,I Don't Smoke - Audiotree Live Version,173819,4aJhNIi0OAgE3JfVHRoOET
Wolfy,Abigail,225606,5ZSGgBEcbfFSzptovNqAvW
Two Nice Girls,The Queer Song,172133,4vOvaoJrTOXrpDgStqyZ6x
Rae Spoon,Armour,209840,7KA3oVSdmlx6rrlJgZIapm
Daisy O'Connor,Come What May,194173,75xfI6mkO4352qCDcN95q4
Wasi,Floor Talk,194862,3Rh9gKgnOYX6qP2nLWSJ84
Brooke Candy,FMU (feat. Rico Nasty),178667,5AD8DWoQa4NGe2WagH4YF2
Jen Foster,Greatness,220480,4hD3lYzKvlEHB2S9LN7ra7
Lady Pills,Irrelevant,215443,4ETInxEpv9t0l2WocEWyzj
Hannah & Maggie,Back to Town,212767,08DT28kM4FGyQyaKfDyWso
Allie X,Alexandra,224062,7BsbbwN45zZ549OBUp1VVV
Alix Dobkin,Lesbian Code,316000,71sw8hwyAjsN4abd0nOrN3
No Girlfriends,Sheets,166018,3TqbEroNHLIDqER2swwG3q
The Dollyrots,Be My Leia,167000,62ykm4zMYWpqGvqpmn1pXO
Skating Polly,A Little Late,313720,7jdkOBs2cdCx2qF3nhUgQS
Sofya Wang,No Fire,193885,7ng8M65zraeczfUW3r9DQM
Lady Pills,Dream World,130041,50n6NWEfkw4Yf4aKp1uAJw
Mitski,Pearl Diver - Audiotree Live Version,172251,3J04fAaVoMLKfKsiBK7wIk
CJ Run,Aquafina,192771,2JYK0mKppXwL53onmfEsOY
Childbirth,How Do Girls Even Do It?,86239,01oeU0pBlQdS9SGR7KNTMt
The Total Bettys,Quit My Job,217917,2SsWHeqX44DiJfnBYBq7j4
T-Rextasy,Ms. Dolores,154573,15kPfYxIUN67eQV504oV8L
T-Rextasy,Ms. Dolores,154573,15kPfYxIUN67eQV504oV8L
Evil,Thunderbird,160104,3siI0Tgr7D69UjH2aM2Tpp
Nicole Dollanganger,Sweet Girl,144500,6rRomflC2TqdrAkIcZw7j6
Timothy Heller,See Ya!,245573,0lo7yJcEcSy4t9K9W9tzMy
The Butchies,Ellen D.,273760,4ohE7TuUsIPlMWswY65zLA
Childbirth,You’re Not My Real Dad,84787,35zBJDXEEtsDXF844ecI7n
T-Rextasy,Gap Yr Boiz,233451,44Re6jeSY5OCsCOdxwZVJ9
Gothic Tropic,Feed You to the Sharks,206520,41v9PStOcttXmazMC7eTK4
bell's roar,Echoes from Below,258316,2jqH66KyN9REMRaXoa4skE
Gaymous,Femme On Femme,281939,3MHWmlXKNn32T4L165RDp8
The Total Bettys,Back Against the Wall,242667,0rst90zUY5jCv0cHTx1WWB
GIRLI,Not That Girl - Dream Wife Remix,224296,5SKHyxjzAGX8lqIpbkVb0r
Boyfriend,Beauty Is Pain,170093,5STK1f92D2UdBH0UcFKxSI
The Prettiots,Dream Boy,104000,6pN5QB54wxyequJNRbmoT9
T-Rextasy,I Wanna Be a Punk Rocker,217676,1ELcWmKOnBo9YzKJn2M7vc
Alix Dobkin,The Lesbian Power Authority,318400,3BYqwdR4Kp6NO9auVlgKnY
Hit Like a Girl,It's Always You,201290,5Lf38SCRzH0RuZWDRlvFly
Shiny Wet Machine,Hospitals,177000,3CiPzS7xl1WFybhyEsgdGe
Sara Renberg,Ex Party,299192,6KyU6FUAs30cgiV2IEXcC0
K.I.D,Too High to Try,352346,0Iur1Slm0CxWOJSXZkHfkW
Kim Boekbinder,Head Bitch in Charge (H.B.I.C.),214662,54GCSWxXA0OUqGdXmLvHIe
Sir Babygirl,Cheerleader - 2019 Remaster,248712,1CykwkTy3wfW2GwzLTUf52
Diet Cig,I Don't Know Her,172094,2UcnBPPgbUtr3C7OfSWpmm
The Sonder Bombs,Shitty Boyfriend,109636,18Wk10pZ5flzkGpm3pFAQP
Hoity-Toity,Opus,197584,1v2LqThw5lRbIkToZtOyG2
tiLLie,Girls Just Wanna Have Fun,157710,2XLfz8AHIhFH5tTfhx1lWR
SuperKnova,Genderfluid Jubilee,193846,4zSApQU4cUXslpMXTi6yvk
K.I.D,I Cannot Sleep at Night,171387,68CAOhFrKd8c41asvSvJDQ
4th Curtis,Come out!!!,213197,6evSk984bbQj3wznLvOqM1
Heidi Marie Vestrheim,Taking off All My Clothes,187333,0paLhZJRZbf93iWw10tWHx
Gina Young,Jo Wants a Gun,139267,6NagKSTc714DLgKt5JPJHn
No Girlfriends,Only Friend,226032,08biL5L8ExVDl9mDD1BpFj
Sammus,Genius,199602,1b79N9opnsaeVr8Ci0U3Hc
deer scout,little state,139276,3lNFt2mv3FGwG38aMmHER6
4th Curtis,Anjali,206031,7393fXW18IogIN0um4YNZb
No Girlfriends,Waterfalls,234429,2MQuZ5lw4wVT2A3KW5PbQ1
Treya Lam,Sapphire Skies,212054,2idT2d21lSKYcEIA7yltL5
Liyv,Weeknight,187422,4SKmEpl41cx6TActxS7lqe
Celine Neon,Kitty,213945,0IGSRpVn60ymIwNZHUSqij
Tomboi,Surrender,176196,6l6iDgzEQIUCYBNkcV5xVn
Huxlee,Big Breath In,142261,6sL3VZewJ1PAXjCcoXbRYQ
A.W.,Different Now,185000,5cJt7GCJRMVc7vWHfzixsA
Mya Byrne,I Need a Man,281267,6J4LMoXfHsyCbR9wuqqmQp
4th Curtis,Hero Leander,241690,1rIaObOO9LXL9PhJzEitMc
Lucy & La Mer,Rebel Babe (feat. Bugsy),160000,0XNFLCNfADaWr8gNdlzKkc
The Worriers,Mama Said,161499,2hOz3c9j4TdzpmPaM7GfqI
Damn the Witch Siren,XXX Me,237100,5T6EC8HBm7r8Dp8PU93g07
Gina Young,Can She Bake A Cherry Pie?,169627,740Sivc2zANm5u7Dw5silQ
The Prettiots,10/10 Would Chill Again,158000,5boSNtpZEMVi166CuLZtXV
Emily Blue,Sidewalk Devil,244413,1RyyGp5sKwzennQfRHhSfo
Too Attached,Veins,178613,5WPnpWdpz0iZe45njK4qeL
K.I.D,Dillon,246457,21mkk0QWovLAypuVv6C1qA
Shea Freedom,Choose Love,346176,3EUQORUosz8XS3iF9MjOLs
4th Curtis,Nobody's Listening,198252,3DMkWjOCMqVc2pg6vITxLO
Whitney Lindquist,My Girl,204288,7b40XBBkrpvLpTGzB3XIGK
Sapphic Lasers,Whiskey & Black Leather,340565,6BAp2piREeaL86GFQiNiNn
Sammi Lanzetta,Circles,134002,0gVxF1XrLAu8jkndNJOZcy
Sofya Wang,Need Ya,160259,1aCfoneu2bw27xw3oi1I1b
Shira,Subtle Creature (feat. Jamila Woods),487048,1lUEqJdQDekqCKZj2Gea1x
The Moon Baby,Pumps By the Pool,230625,2Mb0fpfVGMxrOC7LJIUVtf
Talk Show Host,I Hate Men - I Hate All Men,167596,5qdbfd7PwHUmjNI3FdogFS
Hoity-Toity,Out of Touch,153946,0ww4oH6qQBx7L0r85IRRgX
Ah-Mer-Ah-Su,Powerful,188461,5xRadL3noGKwh7s5Ea1xhv
Noël M-E Rarignac,Your Girlfriend's Mine,182500,0BupiBz3Xzz8fIZAWtr2s7
Kitten Forever,Get Loud,43080,6fxXI7zYYhNKnsPzR5lYTY
Huxlee,Appetite,160131,65MHn3rHei0gBTGraE1AOi
Cayetana,Am I Dead yet?,231248,4ZEIXVfmrp9PrAKMCFRI4f
Matt Fishel,Twinks,219799,162REAUkm96ygvQMbwLjBc
Two Steps on the Water,Camouflage,345989,3HIubTbFjckjBq7vBNbUY6
Sapphic Musk,Lady Fingers,180216,7o0jtnY3mqJBrDqzbF0qAk
Judy Small,Country Town Gaytime Blues,234027,56RgDy994CtCXqRcEmLU7O
Ah-Mer-Ah-Su,Need You Need Me,200486,6gFix1UMaQKZmm6t0r9y4d
Ah-Mer-Ah-Su,Need You Need Me,200486,6gFix1UMaQKZmm6t0r9y4d
Kate Reid,Closet Femme,230107,1mFwO0UMHLzi5dT0JaWwzg
Michete,Come Get It Daddy (feat. Reverend Dollars),223387,4fcGGRPGUt9lM2j6VHycdU
Shira,Literally Dead,234577,0BTkryvX0himEk0OwILH6v
Frankie Simone,Blow My Mind,218760,1kCL5zx6x43PYpKuZskff9
Arijit Singh,"Tujhe Kitna Chahne Lage (From ""Kabir Singh"")",284780,2Fv2injs4qAm8mJBGaxVKU
Sachet Tandon,"Bekhayali (From ""Kabir Singh"")",371791,1feANd8EfcDP5UqSvbheM3
Various Artists,"Duniyaa (From ""Luka Chuppi"")",222501,2tjWCe2W7sgvS3C8NHcdtI
Sonu Nigam,"Suraj Hua Maddham (From ""Kabhi Khushi Kabhie Gham"")",427547,2bTOQ3zfHVDEBX9ffy3JzR
Sonu Nigam,"Chaiyya Chaiyya (From ""Dil Se"")",416613,7ltsfuHdqTZ5LwPpDy1q0v
A.R. Rahman,Tere Bina,309640,4FeczSomVWVyU4FW7xDeAI
Pritam,Channa Mereya,289333,0H2iJVgorRR0ZFgRqGUjUM
Shankar-Ehsaan-Loy,Sajdaa,365707,5upmbnXemLfPvs3d2eyHml
Lata Mangeshkar,"Jiya Jale (From ""Dil Se"")",309107,6B58TJqjGLQuuZBhQ3UnEA
Monty Sharma,Jab Se Tere Naina,284573,0gRNu9dVzi5aC87AI1empZ
Various Artists,Pani Da Rang (Male),239333,44gvSP8Kpx6P7VSRHL9dN8
Kavita Krishnamurthy,"Too Cheez Badi Hain (From ""Mohra"")",385853,6oH6iCyLvyVGQ7Ru7AGT11
Vishal-Shekhar,Radha,341360,6f7zyAEUCZuvX4Zty62Z5o
Sadhana Sargam,"Na Kajare Ki Dhar (From ""Mohra"")",324253,4XL3S4cP3jqdBotKjxulS5
Jatin-Lalit,Ladki Badi Anjani Hai,381707,6f3C6rJo7zvmfr1h5SRvxg
Various Artists,Kehna Hi Kya - Bombay / Soundtrack Version,353893,5j5vCuBjS1sFWywWUnkJqV
A.R. Rahman,Dil Se Re,405707,30yySOIXHZYx94sLAySy2j
Arijit Singh,"Gerua (From ""Dilwale"")",345559,6V0cw3ZOtm5oQJrSv4QluQ
Shankar-Ehsaan-Loy,Kal Ho Naa Ho,321240,251PNRmJU9KcUnFQAB5t6I
Jatin-Lalit,Kabhi Khushi Kabhie Gham,471947,0eGtFJBfYUKF2CvNZJEu3M
Kailasa,Teri Deewani,323520,2iNqdCchlUZEgjJbQyZf8T
A.R. Rahman,Muqabala Muqabala,328893,0iG83qZ0ftWr43VggRYkp3
Pritam,"Dooriyan (From ""Love Aaj Kal"")",337360,4peiaLdhDgUgQ646Gpbvh3
Vishal-Shekhar,"Desi Girl (From ""Dostana"")",306987,5yDtBUvjNse5mr5887lj59
Udit Narayan,"Ae Ajnabi (From ""Dil Se"")",349493,0h4v9uXzT1qwXS5e9fkws2
Shreya Ghoshal,"Ye Ishq Hai (From ""Jab We Met"")",280974,1UHVj0W8BRn08AXvWcv8i6
Rahat Fateh Ali Khan,"Rishte Naate (From ""De Dana Dan"")",286587,65dF4jvFSR3YwXJxUx8cEl
Abhijeet,"Main Koi Aisa Geet Gaoon (From ""Yes Boss"")",317000,4hLShJ4RCa2KhqVHD7MRDn
Badshah,Kar Gayi Chull,187711,3fPgIknlkDWXs1l2noKZbp
Pritam,Zara Sa,303680,18YHbIhrleUkKKj2DvEp79
Pritam,Kabira,223460,4bD9z9qa4qg9BhryvYWB7c
Jatin-Lalit,Chand Sifarish,275931,5EYZZvmNAH5VZCwuzYJqoA
Adnan Sami,Bheegi Bheegi Raton Mein,363800,3czT4fZGk8us5RpAU3X3KM
Salim–Sulaiman,Tujh Mein Rab Dikhta Hai,281574,2LcXJP95e4HKydTZ2mYfrx
Himesh Reshammiya,Aap Ki Khatir,296840,35BIhZtcbYdYtVJz7tVbrG
Kishore Kumar,Pal Pal Dil Ke Paas - Blackmail / Soundtrack Version,328480,23JJN1KGBs0lYYo0HMpdPc
A.R. Rahman,Heer,314175,1CapGmE3jqZpEATdujksnX
Amit Trivedi,Love You Zindagi,232505,6k3XXCE1ZzwevQlxf8dNaw
Sharib Toshi,Saturday Saturday,210799,7MvQQGqYE4r0ucTarmI2Gr
Salim–Sulaiman,Halkat Jawani,238427,2h1d6XPdBms5i7YwyfOO7q
Anuradha Paudwal,"Bahut Pyar Karte Hai (Female Version) - From ""Saajan""",265667,4ys3MN1E21HzHWo2wdk4BC
Various Artists,Buddhu Sa Mann,206858,1dxbiVeiV7nQ2V9qXnhJiB
Various Artists,Laila O Laila - Qurbani / Soundtrack Version,271600,05oQXL5mtuktNigwBOGs6y
Meet Bros.,Baby Doll,213887,0QjiywAse0jM8QgPvtJrpC
Various Artists,Tere Sang Yaara,286380,4BOYIpYF7zTYtAkpjoD687
Anu Malik,Raat Ka Nasha,313613,4gjFNGQ0BodNqiOAOAOMSW
Asha Bhosle,Yeh Vaada Raha - Yeh Vaada Raha / Soundtrack Version,408307,3imcaZrXc4NGR0crjX1cDC
Various Artists,Song: Maar Dala,246653,137luWZJ3YPlv5zVKkR68C
Amit Trivedi,Gal Mitthi Mitthi,255907,4J9n7thOdqi8gxRGNyQoVC
Various Artists,Mehbooba Mehbooba - From “Sholay Songs And Dialogues Vol. 2” Soundtrack,230600,6966cgOPA1kF13BIoNXp24
Amit Mishra,"Manma Emotion Jaage (From ""Dilwale"")",209412,0eFNjt04kVq35UGIhsH3Ao
Various Artists,"Tauba Tumhare Ye Ishaare (From ""Chalte Chalte"")",262987,6fdTxw5EDcsfnqMmWst55c
Jeet Gannguli,Hasi - Male Version,272669,32765xcLM1fd6wQIpkN9A0
Anirudh Ravichander,Why This Kolaveri Di? - The Soup of Love,259293,2VGs7EmaIxq96Wcog6DQOc
Himesh Reshammiya,Prem Ratan Dhan Payo,319343,5HGXuAy0YA1GBRkAny0cvV
Anu Malik,Apun Bola,266627,1uHd2tBRzotyWUS3iQeDN7
Imran Khan,Amplifier,232907,0l1i3nJ4aDMk0inxnvzYTz
Various Artists,"Agar Zindagi Ho (From ""Balmaa"")",475253,49DbnlJQz1ntKfCz5Q46LZ
Krsna Solo,Sadi Gali,264900,1tEto4JrqNmBZFH5uAiYqb
Pritam,Pee Loon,285687,52itZ0w0CydihB2JCZEIft
Various Artists,Dil Diyan Gallan,260537,5MnAi6ZF7cE8pAz7wYr9Ta
Jatin-Lalit,Suno Na Suno Na,321227,5dS7HcRa9kER2qDba2iSOd
Jaz Dhami,High Heels,297771,7q7eYVerltlW2sYBuga6Mj
Falguni Pathak,Maine Payal Hai Chhankai,278867,4LWKCiC61rzEPhLgLa7TAn
Sachin-Jigar,Sun Saathiya,218724,0zuqABAUKs8WLVq8vCmfst
Neha Kakkar,"London Thumakda (From ""Queen"")",230468,1VY2incfH4TLT9PCbot6lj
Jawad Ahmad,"Samjhawan (Unplugged by Alia Bhatt) [From ""Humpty Sharma Ki Dulhania""]",215611,3TrdGeV5bEpHezExHlsguD
Imran Khan,Bewafa,224853,4FcknXDJ8yW2QYUl0cm6uJ
Pritam,Subha Hone Na De,288696,6WediUhXDfm8FR3wlM0r3G
Nadeem Shravan,Pari Pari,288453,3DldztF6aZZatRQme8GP5o
Shankar-Ehsaan-Loy,Senorita,229576,3TAhWtQnpoL5Vl9VQPl9fU
Vishal-Shekhar,Dard - E - Disco,268713,2GTasAZimpxzNgE7aXFifI
Vishal-Shekhar,Chammak Challo,227091,0EH7sgeiFqDa3eS7ieW2zs
Various Artists,"Mora Piya (From ""Raajneeti"")",344773,1KhbepXRvfw85aBJPbRGDh
Vishal-Shekhar,Titli,350618,0joXv5niso2T8YXWOlIe1X
A.R. Rahman,"Guzarish (From ""Ghajini"")",327030,39bHz64P8EIGXnoPfpYnUE
Various Artists,Barsaat,360867,30LSzmDNtfH7DPrF6mXZI8
Anu Malik,Om Mangalam,264227,5UYtQgpRM8LwuIp6Jq9s04
Jagjit Singh,Hothon Se Chhu Lo Tum - From Prem Geet,297707,4mBmsPcPa1Eu4LDTHq55Ab
Mika Singh,"Laila (From ""Shootout At Wadala"")",215040,4XAEmxn9LT9eHXNvz9sdjH
Amaal Mallik,Chittiyaan Kalaiyaan,246100,6XjJXPP3UiGtAQpYkD01c0
Bally Sagoo,Noorie,371440,5jX8ZbNuTE5Z6gEsSmDryo
Mithoon,Sunn Raha Hai,390223,5PvwPy5eRO8BPwpRzCHK3D
Ram Sampath,Ambarsariya,248182,4qRcjFkFqSpLBzcbLDt7HL
Palak Muchhal,"Kaun Tujhe (From ""M.S.Dhoni - The Untold Story"")",241449,5b7u3idwfY2LyqMQlCwscm
Armaan Malik,Tumhe Apna Banane Ka,310077,3ELkIxDoWKGllVJty2aGXU
Daler Mehndi,Bolo Ta Ra Ra,313027,4gmL6HURFqPMwx8nWQoOn2
Mithoon,Sanam Re (Lounge Mix),277134,5lsMy0HuBbHSicxkxHSpJu
Yo Yo Honey Singh,Dheere Dheere,212413,4fyR24BKznXBLNkK8LwWla
K. S. Chithra,"Ye Toh Sach Hai Ke Bhagwan - From ""Hum Saath-Saath Hain""",409130,419AqVhbR1NbFwZMVX6H46
Pritam,Paisa,234387,5waPZcxgliOcZxCjswryDb
Vishal-Shekhar,Jabra Fan - Hindi Version,225000,41l0QeiOntbZbkS2l3zNM2
Abhijeet Sawant,Mohabbatein Lutaaunga,356440,0ScRAzkNibjRLPgPjsyMux
Maize Mirchi,Jashn-E-Bahara,188000,0aR0HVKhdpKwGXhliDY3ZV
Vishal-Shekhar,Bulleya,357068,3tgdOveYac7YMEAQD9sGLf
Sajid-Wajid,Soni De Nakhre,261013,4tBMbRwLJa5BjwJ6FrBlks
Gajendra Verma| Neeraj Shridhar| Sachin Gupta,"Mann Mera (From ""Table No. 21"")",198125,2BeY2dQPbD8xYxx3yhBTVD
The Doorbeen,Lamberghini,216905,7cFuzwgbtHXmSKuCzo0qCW
Sajid-Wajid,Munni Badnaam,305017,6fORBVECjNDJ1gdq5uuoAz
Amit Trivedi,Pareshaan,292075,5XXJqs7f42R8PAY4Xcr0ax
Arko,Teri Mitti - Female Version (Kesari),217000,6bY2lEYwgJRnoPWWT1Hld9
Rahat Fateh Ali Khan,"Sanu Ek Pal Chain (From ""Raid"")",210346,4wANB882g1ZhF2V8ugksY1
Atif Aslam,"Dekhte Dekhte (From ""Batti Gul Meter Chalu"")",256271,0Iz4CkptElGHo16r797Jsb
A.R. Rahman,Marvel Anthem,202671,6vwsMPLdfl7TWQaNWwFora
Karan Sehmbi,"Photo (From ""Luka Chuppi"")",177159,5wdlz4N7s1Xyr4y4RXhZJM
Pritam,"Hawayein (From ""Jab Harry Met Sejal"")",289999,6871FKHumiy1Wfr6vF7Xxt
Amit Trivedi,Aaj Se Teri,312240,4ws4fIFJDtQAjNQ53KYVl2
Sonu Nigam,"Chaiyya Chaiyya (From ""Dil Se"")",416613,7ltsfuHdqTZ5LwPpDy1q0v
Abhijeet,"Main Koi Aisa Geet Gaoon (From ""Yes Boss"")",317000,4hLShJ4RCa2KhqVHD7MRDn
Jatin-Lalit,Ae Kash Ke Hum,310427,1qyib2Wb5YTbNzZi7QMhEY
Shankar-Ehsaan-Loy,Noor E Khuda,397080,0tY8ZIArzjkH6dbXp42ohg
Darshan Raval,"Chogada (From ""Loveyatri"")",249742,4ymPEyiXabTe1NO8q8EFxG
Arijit Singh,"Dil Cheez Tujhe Dedi (From ""Airlift"")",271330,4r5KcqClOrWJupeOZYEbGx
Various Artists,Samjhawan,269185,4LO5DjN6Tp3UkUvgESuy2t
Various Artists,Pal Bhar Ke Liye - Johny Mera Naam / Soundtrack Version,305440,3pVek1pi5hpm9IcWL0nME4
Ankit Tiwari,"Zindagi (From ""Pranaam"")",369619,2upbAYLg6xkB80tTxFnSCw
Shankar-Ehsaan-Loy,Pretty Woman,353880,3rsx3pDYM3a08O0Yu3Tq6V
Pritam,Janam Janam,237897,4km0RUkMMFdx8iDuq36o2w
Akhil,Khaab,201689,0a6zRnrjmaOcqsEIFkXIhw
Harrdy Sandhu,Backbone,175059,4t77OsiudWy4timV32lPa2
Pav Dharia,Na Ja,208000,32LKwbmh6yVsWoRRF8DIvf
Maninder Buttar,Sakhiyaan,179326,3sqRODOZ1Z6hR4F2tnFAlg
Param Singh,Daru Badnaam,185333,2TzyJEUfWHGRsk3r6Emvbk
Diljit Dosanjh,Do You Know,211765,1aHRhPwlNTNdMsDcYicxb6
Garry Sandhu,Illegal Weapon,230000,3Oe3VdPn6rAueriQvFhCBA
Ammy Virk,Qismat,243871,3EqgnmFJIarfSqSdBWMI8r
Amrit Maan,Bamb Jatt,234668,44n5BPCpt6p1p1upuIOhzb
Kulwinder Billa,Palazzo,198784,7KLj9oO90PzJKmGXEEpjel
Ninja,Aadat,247954,12TxeF1dTrc2bxQcEl9NyA
Parmish Verma,4 Yaar,181755,2sL8bt7tw3m5j9cVJB22hP
Karan Sehmbi,"Photo (From ""Luka Chuppi"")",177159,5wdlz4N7s1Xyr4y4RXhZJM
Various Artists,Blah Blah Blah (Mixed),76138,7Fga9FYIYUa7loKavqTSMZ
Various Artists,Exposure (Mixed),74726,643ugmxQv6XlVWr3zesa34
Various Artists,Venture (Mixed),59159,5Mnhw2me89ENp5YTvDt3ge
Various Artists,Before I Wake (Mixed),87024,3pd9CZkxXky216pwZfEQuc
Various Artists,Playmo (1st Play) [Mixed],41918,5BnfkIs96Eln7FMLp8t8xW
Various Artists,EIFORYA (Mixed),72867,3Z0xKa3hpDuhfdrTy06AfU
Various Artists,Endymion (Mixed),104107,73D57HY9w8HOMLuRBe1PJw
Various Artists,Invasion (A State Of Trance 550 Anthem) [Mixed],80055,7s13tgXCms044GvWke1GUf
Various Artists,Waiting (Mixed),42779,5aEAM9ZV3gSIGVfK3MrGgN
Various Artists,Our Origin (Mixed),194279,2wQeyKs9kbV9FKrVVULBLS
Armin van Buuren,Blah Blah Blah,183519,2xkrujtSjZz7EKAYGbIIzH
Various Artists,Exposure (Mixed),74726,643ugmxQv6XlVWr3zesa34
Various Artists,Venture (Mixed),59159,5Mnhw2me89ENp5YTvDt3ge
Various Artists,Before I Wake (Mixed),87024,3pd9CZkxXky216pwZfEQuc
Various Artists,Playmo (1st Play) [Mixed],41918,5BnfkIs96Eln7FMLp8t8xW
Various Artists,EIFORYA (Mixed),72867,3Z0xKa3hpDuhfdrTy06AfU
Various Artists,Invasion (A State Of Trance 550 Anthem) [Mixed],80055,7s13tgXCms044GvWke1GUf
Various Artists,Endymion (Mixed),104107,73D57HY9w8HOMLuRBe1PJw
Dash Berlin,Waiting - Original Mix,568942,44DRt5JbAtRrt5vxH1lazp
Armin van Buuren,Our Origin,211406,3SeowzTaXWE7YsIvltrFgE
Gareth Emery,Yesterday,199500,0IbKDougbWSz6DUAixncoB
Gareth Emery,Laserface 01 (Aperture),153444,1MQkhomMlwsYigfmswbEbx
Gareth Emery,Somebody,210004,46hzMcgAeemcnGmMUAfX93
Gareth Emery,Saving Light,275646,7ckofk3m63RHNs9wiIl5LT
Gareth Emery,Concrete Angel,236733,4dkSf57y4ySgLKXs4g5FfT
Gareth Emery,Take Everything,212239,2L93hpsnJ8scBHIQFZzh1b
Gareth Emery,Kingdom United,326500,7J82NSX45AkxmUbLEEy8Ij
Gareth Emery,Lionheart - Tom Fall Remix,175385,0y3dNGJZJLxubbeldn9gw4
Gareth Emery,Reckless,202353,2v9SirLJCR6EPUD7hQySfX
Gareth Emery,Sanctuary - Radio Edit,225709,4tlxyl1P3PtKuRk9EhyTL4
Various Artists,Romantic Mashup 2(Remix By Dj Chetas),325172,42WGQxg2lPIFBt8ZRHQ4Q4
Vishal-Shekhar,Nashe Si Chadh Gayi,237876,0biCSADTAblvLTLtJz4pXO
Mithoon,"Chal Ghar Chalen (From ""Malang - Unleash The Madness"") [Mithoon feat. Arijit Singh]",340672,2U0BLmYoSESYOdwMxW2yA9
Mithoon,Intezaar,267520,6p2o4ep90wpkh0qzUmyFuO
Various Artists,Love Mashup 2019,265830,2nCKF3gkwHCamm3f0jNaJd
Various Artists,Valentine's Mashup 2019(Remix By KedrockSd Style),212522,1MhHomaXgrPMBroXkpWSSa
Mithoon,Darkhaast (feat. Arijit Singh Sunidhi Chauhan),374205,1awtp7rf6ajhGY9BgzCHeZ
Various Artists,Phir Bhi Tumko Chaahunga,351588,35P2Xal9x3GAdOHytyEUFe
Jubin Nautiyal,"Lo Safar (From ""Baaghi 2"")",282023,45wzRgkkG5gjuYS3OkFWaI
Arijit Singh,"Sanam Re (From ""Sanam Re"")",308714,66mqwlj5ImLj99hyyVBozw
Sachin-Jigar,Haareya,214736,1VvGJIAjhGdB7InVP9NA7V
Sohail Sen,Jiya,283742,0ppQwuz371fPZWxx1L08cm
Jasleen Royal,Khol De Par,193178,3FvAIrl7mosCrq0oR0t2CH
Amit Trivedi,Junooni,296378,6t8IQ9k77tvz6a1sIWtUFs
Shankar-Ehsaan-Loy,Sajde,325460,7kiZ6Zf66oX6yMovt3gC1a
Shankar-Ehsaan-Loy,My Name Is Ranveer Ching,190642,3n4a26cKU7Q2NjLP7Shigv
Amit Trivedi,Hulchul,237683,50ROrq1Q8sLhr6G1cGaWFS
Arijit Singh,Jiya EDM Mix,185640,1dRL6b2R16UrkYUZwxph49
Amit Trivedi,Udanchoo,207177,7sQ5JwNttMsXz8PIyMCsaD
Various Artists,I am India-Full Song,223383,6pslcWAVfI293Bm7oQ657o
Arijit Singh,Jag Mag,192418,4eNpDmrKWNkFj40aCNHWK0
Arijit Singh,Poshampa,268460,4u8p6Epq0g0dKOjztc4WXC
Various Artists,Into The Night,176106,2ur79pTAvcUtJEQUQXp7C7
DMNDS,Honey,200060,0R0o8ASFnjFUKi3uoPzgen
Big Z,Wednesday,168556,4LOwI9uGyawEiqnSTgVdcg
ToonSquad,Save The World,218058,3XsvrPaa8CMZE0FYleqS3N
Devan,Humana,191074,0FZwpz5DLN063n2rtAgUIH
Nate VanDeusen,Far Away,223335,7BKXbnvLKQFEpK5PRHsz7H
NUDØ,Change My Mind [RØGUENETHVN Remix],155417,4B5GijEg6yFGLTnFJwNaS1
Various Artists,Heartbeat (Norro Remix),210430,1ZeBtEOpVgHRHp4e1UtXEI
Savana,Quiero Sentir,178250,112IcdZd2rWEPPmzHTSm2y
Various Artists,Give A Little Love,221376,5jNU61REAIhwB8IesPKSzN
FANNYPACK,Simple (STVW Remix),147554,0gIZLyF3MWQVcspzrLWYod
Joshua Francois,Treasure in My Soul,193216,0rZaiqTo1eIIQ1WckDQCzE
Various Artists,Your Way,177203,7Et1ywLx27DqhVMFwXbAJo
Big Z,Alive,203456,1HypUJ7Vr7W46hjwpkRDaD
Various Artists,Into The Night,176106,2ur79pTAvcUtJEQUQXp7C7
Manuals,Bam Bam,186000,1YDahbqI2PSwkn55BuphIB
Maori,In the Dark,191220,36y1ldBdO1OskxjIo0fZEA
ALLEGRØ,Find Me - Radio Edit,180960,6xkPao9781G4Mvht44YTnb
Jaimes,Lovesong.Mp3,246538,4QBDJXwMo9vrxWPLpl7jiF
Maori,In the Dark - Original Club Mix,241929,3WfYxVR3MYWDxRB7L1vLcH
Various Artists,Psycho Saiyaan,166294,5WnlpdU8nHfbogtkAl6k8E
Arijit Singh,"Pachtaoge (From ""Jaani Ve"")",226789,5QVHNa0ppJUOoqSd36ovQS
Various Artists,"O Saki Saki (From ""Batla House"")",191089,4cFwhwH5ydnHgB0Tv3lZsm
Various Artists,Tera Ban Jaunga,236437,3oWxFNsXstcancCR1wODR4
Sachet Tandon,"Mere Sohneya (From ""Kabir Singh"")",193356,2IoZMG3RqiTmsy7Li3zGFg
Various Artists,Ve Maahi,223999,4t1DkxexoMbIHfSHS4Uiyr
Arijit Singh,"Ghungroo (From ""War"")",302935,0WdbnNKO0Jt4BZACSDQh44
A.R. Rahman,"Enna Sona (From ""OK Jaanu"")",213632,1Wf5q34m4hTnAxCljiAonb
Falguni Pathak,Aiyo Rama,286800,46L0nUOVoN61L27fguY5Cr
Bappi Lahiri,Jano Meri Jano,406573,5OojC7UVlBHMIRQ2JS5TBv
A.R. Rahman,Maahi Ve,240784,1sbW5E7w8tnqpYk0Frx8QG
Various Artists,"So Gaya Yeh Jahan (From ""Bypass Road"")",152277,6HlKDKcgvwjvWPrYIqMSaK
Jatin-Lalit,Meri Duniya Hai,278107,2Kja7rWFWrg3GcMQS3hyFN
Pritam,Alvida,338587,7EjatvVN2Y2GjpvKSyWJR4
Kishore Kumar,"Kehdoon Tumhen - From ""Deewaar""",221920,5frRYI0khL5GH9SF02iKSy
Lata Mangeshkar,"Saagar Kinare - From ""Saagar""",257800,1L1yPuBSIY5kqYZtgA7tss
Altaf Raja,Mere Rashke Qamar,293187,5Xs69IyWXGW4tePJnSsn2U
Himesh Reshammiya,Oodhni,413147,5sJjo5vHh3icLEntFQlt8w
Shankar-Ehsaan-Loy,"Kya Karoon? (From ""Wake Up Sid "")",236160,1FRcg84SSGxJTsIR16z4AU
Kishore Kumar,Pal Pal Dil Ke Paas - Blackmail / Soundtrack Version,328480,23JJN1KGBs0lYYo0HMpdPc
Arijit Singh,"Roke Na Ruke Naina (From ""Badrinath Ki Dulhania"")",278402,6DBVELTPG2MCS1L3DlDXbi
Pritam,Hawayein,289999,0l6g8Z8mqGbGXFOjigYetD
Various Artists,Dua-Saware,318635,4TLeqfakQT1ObdwMkuHEaF
Various Artists,Soch Na Sake-Sab Tera,283110,6ooVSjlIZvvnqFQrQmdso3
Pritam,Tum Mile,343787,1EjxJHY9A6LMOlvyZdwDly
Jeet Gannguli,"Baatein Ye Kabhi Na (From ""Khamoshiyan"") - Male",289013,6CV2iSJV2W6yAITDxSSes3
Various Artists,"Wada Karo - From ""Aa Gale Lag Jaa""",314707,6PTn66QzyMC8qVV7vNMRXE
Laxmikant–Pyarelal,Aaj Phir Tum Pe,398760,2zGiBYiOIbioKAJgV3D2TZ
Mohit Chauhan,"Achha Lagta Hai (From ""Aarakshan"")",236093,6KXgww1fZA1bwIKgXNFKej
2008 Top Pop Songs,Falling to Pieces,255076,4lzMvEc2jgy7e15DuvSQ1f
Ved Sharma,"Malang (Title Track) [From ""Malang - Unleash The Madness""]",287374,25MPTnqXQB1H6OkwSYUXWx
Mannan Shaah,Proper Patola,178605,39ujbBjTwwqUFySaCYDMMT
Jeet Gannguli,Hamari Adhuri Kahani (Title Track),398799,3HiobOOpSpMsi95WBKPBYk
Kishore Kumar,"Nahin Nahin Abhi Nahin - From ""Jawani Diwani""",243067,198XE4BO4sagPrmE9SxSLl
Kishore Kumar,"Jahan Teri Yeh Nazar Hai - From ""Kaalia""",324307,3Zcn9hmp3WrnGAeOOkWqNL
Vishal-Shekhar,Fakira,288020,3gCljMiGFfcum5sOHTMfwZ
Salim–Sulaiman,Kurbaan Hua,259360,1PH0yXNGtSZbL2eufpgFJ4
Pritam,Golmaal,242485,3RCZgzKfc1r0VtKdBKBkhE
Ismail Darbar,Chand Chhupa Badal Mein,347013,6LVYBlYJ4pezcfk7V8Tttk
Pritam,Gunji Aangna Mein Shehnai,308744,6QKHQ5MYtp3xbXqJDooDhf
Kumar Sanu,"Mera Dil Bhi Kitna Pagal Hai (From ""Saajan"")",324893,5P95bvisCsljo4qxI68Exi
Kishore Kumar,"Tera Mujhse - From ""Aa Gale Lag Jaa""",339667,1Sa630OZqUC4EcJwOWoWzR
Himesh Reshammiya,Aisa Deewana,313267,6VoXc7GRlsVaIkamDLPfTu
Himesh Reshammiya,Kyon Ki Itna Pyar,356480,2Cy0T0n18rleVVr2O5BIWA
Lata Mangeshkar,"Kya Yahi Pyar Hai - From ""Rocky""",384493,7Avl75LRSHu6J13bt67W2o
Shankar-Ehsaan-Loy,"Kya Karoon? (From ""Wake Up Sid "")",236160,1FRcg84SSGxJTsIR16z4AU
Kumar Sanu,"Tum Dil Ki Dhadkan Mein (From ""Dhadkan"")",314227,5HJcl5wuEptCtI5CSo8eFJ
Jeet Gannguli,Darbadar,262100,4Vcre9A1a4dBhHzzU6aWN2
A.R. Rahman,Roobaroo,282973,3vqJY3pVELLIxqXXyI08yr
Kalyanji-Anandji,Neele Neele Ambar Par - Male Version,320000,02zPo0Dt0R4TTFY5zLJZnK
Various Artists,Zero Hour Mashup 2015(Remix By Dj Kiran Kamath),259670,59nB7okW0qhj6924cjimOH
Arijit Singh,"Bekhayali (Arijit Singh Version) [From ""Kabir Singh""]",370444,6aPMWbbdhDhiJHlknZb9Yx
Dhvani Bhanushali,Vaaste,196044,0mJTAdmY8olbGQjopDYff3
Various Artists,Kaise Hua,234722,5w0Xpt2YHT2Y3z3e4UUJP7
Various Artists,Valentine Mashup 2019 - DJ Notorious & Lijo George,240006,0qPLlSlMNQgI3z6wykpL8R
Gourov - Roshin,Tere Do Naina (feat. Ankit Tiwari),229582,3OL4Bb1hYMLGWTaa0NFX3A
Pritam,"Main Agar (From ""Tubelight"")",279500,3kYlKr1xGsBS7mluB9W7AV
Justin Bieber,Yummy,210427,41L3O37CECZt3N7ziG2z7l
Justin Bieber,Mark My Words,134347,2SnNaoNhMjC1WRMTWD8qTX
Justin Bieber,All Around The World,244547,1Mg8vLBYwizu7AuhYQO64V
Kumar Sanu,"Chura Ke Dil Mera (From ""Main Khiladi Tu Anari"")",474653,2k2wbpYLNBmaI6o06KWOgN
Vishal-Shekhar,Tujhe Bhula Diya,279429,4r8JqkhpTb5tzSKKHnVJIJ
Mohammed Rafi,"Maine Poochha Chand Se - From ""Abdullah""",307373,0i6U12LOWlHNngec0HCroE
Alisha Chinai,Made in India,266800,6NVGAoLnJaooF97t8Kgs78
Asha Bhosle,"Kitaben Bahut Si (From ""Baazigar"")",389387,6boYaYafMoyPZAw8VMasNm
Maninder Buttar,Ik Tera,160768,57DhVYA7E1CyrE4OKuyLb7
Nikk,Yaari,177750,04UzZSWfw8hkK832P27QLq
Harrdy Sandhu,Dance Like,171600,36EPfDEkfLYQLt8Fvced8x
Baani Sandhu,8 Parche,210000,42ETKyApzUl8hTtytFAjen
Various Artists,"Illegal Weapon 2.0 (From ""Street Dancer 3D"")",188606,5fXslGZPI5Cco6PKHzlSL3
Karan Aujla,Chitta Kurta,217260,7mUuarQfB0E0Xs80Vzd2gw
Jass Manak,Viah,162441,12V0iduYsoXxsQYTSeFB2H
Amrit Maan,Combination,242808,0qiRXUSuGlbdBasXJ8AInc
Deep Jandu,Bombay to Punjab,243298,1xoQjCAP6a63tZXbsMziXk
The Kidd,Dhakka,246818,2fPPWdQuHY3CxPIOk6qbwH
Neha Kakkar,Wah Wai Wahh,176344,1WNx951v5YEC58zCvcGDNk
B Praak,Filhall,255000,6E7P1uT2afeor2t6wR2y2r
Parmish Verma,4 Yaar,181755,2sL8bt7tw3m5j9cVJB22hP
Jassie Gill,Aukaat,163492,4Kwajm44l1SNP6fJT93WDq
Jassie Gill,Surma Kaala,211720,0rJYDeeUkMpWDs2eKWoDtB
Inder Chahal,Gal Karke,173382,79XBui7ea1RGjlC57AH0w1
Sunanda Sharma,"Mummy Nu Pasand (From ""Jai Mummy Di"")",184609,74qF0JeFMVilMEeFDiQZ48
Jassa Dhillon,Pyar Bolda,162375,3RtR0XXNGtBHJkFgY6OvTQ
Ammy Virk,Wang Da Naap,158983,5r7k55M31Q22AEJkF1GTyw
Rajvir Jawanda,Kangani,198000,1s9gAzrbB8AchI6EGH9hMA
Diljit Dosanjh,Jind Mahi,175000,3SJVCbBFTxR6UvvTWRNbMp
Diljit Dosanjh,Gulabi Pagg,170882,35CTzZi7rJLBHvfVZZBrVr
Sidhu Moose Wala,Sohne Lagde,209453,4uP5KkYk4DdprU4sXqb3qU
Garry Sandhu,Illegal Weapon,230000,3Oe3VdPn6rAueriQvFhCBA
Gurmeet Singh,Laung Laachi Title Track,160636,4x2aq8zGk5bNMGApkjC4VT
Jassie Gill,Nikle Currant,212925,5T3rp70MEW4XnWv82BDVey
Pav Dharia,Na Ja,208000,32LKwbmh6yVsWoRRF8DIvf
Badshah,She Move It Like,181765,39vrbjCMTRXEdiIr2IsBgd
Bilal Saeed,Adi Adi Raat,234097,11c69hzfxZP5QlTNP77bbB
Gregory Alan Isakov,San Luis,272347,7gDNQLV9cr8449LFrQbk5J
David Keenan,Good Old Days,318987,5yeSWsJ0E76OvvUoOWIyIF
Darlingside,Hold Your Head Up High,217360,7oOsCpcgcLXKkkIPQzQ6cX
Mick Flannery,Fool,216782,4NgfxzTUZw3s953GcTvDxC
Yoke Lore,Beige,204209,0FfZudphGgQTGeEV6AhmOs
Dermot Kennedy,Power Over Me - Acoustic,200436,2E04ekeTRa6FsyK1twNZrL
Peter Bradley Adams,My Arms Were Always Around You,200800,53iFMaNUXn6Oj8hUIKSO5a
Blanco White,Olalla,247373,0vrlxoXcbwD8Sklwy59N9g
Robert John Ardiff,Eskimo Coat,255568,5X5r8A2dpAiJVvFrupBxDZ
Ray LaMontagne,Such A Simple Thing,296387,4PuUa8e5s7P3Zv1IdCGIsa
The Barr Brothers,You Would Have to Lose Your Mind,381640,6mV07lqIpvpBh3xBXn1M71
Villagers,A Trick of the Light,248253,1rCPg5GOtes0FIo1BzgvUi
Ian Noe,Letter to Madeline,269083,1IUjddy3uFzP76h8Zl9vFI
Big Red Machine,I Won't Run From It,218787,7aW3SM5qFJu0IYVOWrAvRQ
Charlie Cunningham,You Sigh,178827,2Gsare6GuBE2Ph3zJanNKl
Nathaniel Rateliff & The Night Sweats,You Worry Me,214160,7ADBL3WZ9Oyj7zgkg7ODT8
Birdtalker,Heavy,264151,1jzo5QmpKa8eLSF3NOJzPe
Katie Pruitt,Loving Her (OurVinyl Sessions),364625,5ZvIQaGCffvBWlWQVh4Cha
Nick Mulvey,Punta Cometa - Dancing For The Answers Alt Version,216753,0oiiHes8LMjKbofgD1aDcA
Quiet Arrows,Drift (Acoustic),235449,2g4R92yMTh8dXcgfWBgx1N
A Blaze of Feather,Six Years,282147,7DeJ8TdwgNpz6Un0SiskhX
The Last Revel,Blind in the Fray,213360,6SjG7HZ8R5jnz6HOdxIFS0
Caamp,Peach Fuzz,224360,7yJbLez2ieMI2PBybVp8Nu
Joy Williams,When Creation Was Young,209427,4ZkZeQaJjmKuUPr7SOIjhU
William Wild,Morning,262571,3Gsuq6GGXfKB9AwNwL87NJ
Tyler Childers,All Your'n,218280,0fCwTrRNfoNk962ati8n2K
S. Carey,Rose Petals,213667,0NJ1LV5VblYyJsJt3EbAx7
Jill Andrews,Sorry Now,192160,5vTnp3Oue2Vioki5Jn5Nwx
A.R. Rahman,Arziyan,519236,3V80Iv04B9XAqGHbXdtRT1
A.R. Rahman,Kun Faya Kun,470500,7F8RNvTQlvbeBLeenycvN6
Various Artists,Mere Rashke Qamar,220382,4sNiMTu47WkUgW87qeUlWF
Vishal-Shekhar,Aas Paas Khuda,319116,3kuxr8U3QynLzyW82p5hYR
Pritam,"Ajj Din Chadheya (From ""Love Aaj Kal "")",315013,6lHBOxVVbjkmByOjHRC2bA
Salim–Sulaiman,Maula Mere Lele Meri Jaan,288366,0OWzDem8abfJvWpQcssjIE
Sohail Sen,Mann Kunto Maula,285962,2de1f1AraAn3235UwrWBYF
Various Artists,Allah Ke Bande,246883,6Y1cH3RzDCMWGQtOS0HmP8
Shankar-Ehsaan-Loy,Murshid Khele Holi,453683,24Kzi3fQJucJaPymgNvw98
Various Artists,"Auliya (From ""Ungli"")",201402,3R1jpFxHMocRFJfKKaUf9b
Various Artists,"Bekaraan (From ""7 Khoon Maaf"")",385987,2J7aUdac0KfYohy6w31QJN
Mithoon,"Humnava (From ""Hamari Adhuri Kahani"")",328854,4wqyrrwu6HCZWqdbOx53JX
Vishal-Shekhar,Jag Ghoomeya,281992,4KCbZcshgibfJSCAkg87Lv
Mithoon,Madno,504402,4GHuEO0gWcA05tBAdzjFmf
Salim–Sulaiman,O Re Piya,379768,7cWnks0lsRtpAi87COOiXK
Kailash Kher,Saiyyan,343907,2vR23BjIzpLMtzsyKrM6Mb
Various Artists,"Teri Justajoo (From ""Teri Justajoo"") - Saaware",277413,2VmEiMNE9G9JKkDj0imE8P
A.R. Rahman,Aise Na Dekho,256827,29ZOsiLkEf9vNyG51FEjtH
Krsna Solo,Old School Girl,219023,4REnXXyylj1jWHm0zHW0CL
A.R. Rahman,Tu Bole .Main Boloon,273694,73m0ROzv1B86iNvuo8rh8z
Amit Trivedi,Taarefon Se,278239,2uwZSBvQer73esf6tV1wQG
Piyush Mishra,Idhar Gire - Studio,262896,7l5A6CW6VytJg7s5NIxmUM
A.R. Rahman,Rehna Tu,409275,5RZbS87YI2wd87SWuO0YAX
Shankar-Ehsaan-Loy,Ye Tumhari Meri Baatein,324058,1xaj4bm3GMthtoZHUfepl1
Various Artists,Ye Mera Divanapan,214200,6E7eY5GIHaHlRnsqJMXqn6
Various Artists,Dil Ki Toh Lag Gayi,251584,744BhALa5sLOF31Je1dXom
Vishal Bhardwaj,Darling,208093,6z3p3Gm5FOH1n22ummzEh7
Shankar-Ehsaan-Loy,Girls Like To Swing,243166,5JlZLXvZBEFD9u8OoJq6Yh
Sneha Khanwalkar,Ab Kya Bataun,275251,022Kx1aHXssUeHkxzWVNyO
Vishal Bhardwaj,Jab Bhi Ciggaret (Jazz),281973,3MXQFw6t7doW84LqVDdNrS
Shankar-Ehsaan-Loy,Bum Bum Bole,335833,5Dq7d6Y2K2CRNFm1bC3I7A
Various Artists,Main Hoon Ghatothkach (Child),138218,4eGoKbelVEhhFjBn7dzAIm
Salim–Sulaiman,Badal Pe Paon Hai,243931,2aHz87L2Z4a0ZEQ7vMlH8z
Pritam,Haanikaarak Bapu,262857,2iLeerAUsEou9jRdBYZsVU
Various Artists,Khuraafaat,111427,60dbK6DBxJdgUejboFF9c7
Pritam,Pink Gulaabi Sky,200274,2ZzwI3RQVKm0doiIloxtbh
Amit Trivedi,Udaan (Nadi Mein Talab Hai),298382,0W5yso2Ep02tXDOTIW7nRn
Pritam,Chicken Kuk-Doo-Koo,343147,1DUoaxHClMTqzTZCTcF61z
Various Artists,Zindagi Dor Si/Nants' Ingonyama,241800,2gI6DPgAK6l8t7hDt1bx2t
Various Artists,Aasmaan Ke Paar,375227,1wYJfvpYirtoh4fsc7Bo6n
Amit Trivedi,Geet Mein Dhalte Lafzon Mein,295928,12AjhiaIdCBGRgV1iSdPy8
Pritam,Galti Se Mistake,203077,7gFu2zjthH2zPbyl4uHLpr
Rohan Vinayak,Maths Mein Dabba Gul,178972,5uhn8zlhs92bX85l0OKe0w
Pritam,Ullu Ka Pattha,211177,3rVBZoeJT4lIr1S9EeENtc
Shankar-Ehsaan-Loy,Bheja Kum,129351,2kAtUlOOebO7XsaTQVOKHL
A.R. Rahman,Chhoti Si Aasha - Version 1,297347,47U38LbRLzE76b6QOPZYtu
Shankar-Ehsaan-Loy,Taare Zameen Par,428499,5ELS4KckqA4uxrS8RnxEjv
Amit Trivedi,Gubbare,271655,0a4IoONosaWbLT4QfSvqij
Rajesh Roshan,Tare Asmaan Ke Dharti Pe,330493,1cYKopym2mvbBSJvg7hEgw
Various Artists,Mausam Ke Sargam Ko - Khamoshi - The Musical / Soundtrack Version,387560,0RxidBsNeCuUBG8A7t8i3O
Benny Dayal,Kaise Mujhe,343742,5dJ02bXM7hZYWFO2YMWHKs
A.R. Rahman,Guzarish,327030,2MvCNH9ua0CeOgUQfZf56z
Pritam,Aao Milo Chalo,325934,6ocOeSjnWPcSTaSsi0zIdY
Pritam,Tum Se Hi,321225,7eQl3Yqv35ioqUfveKHitE
Shankar-Ehsaan-Loy,Maa,310665,4SuA85PaD8GFTPYwKNYDe1
Shankar-Ehsaan-Loy,Jaane Kyon Log Pyar,289387,2NouPVwXUlBF0wDm5bpAbp
Shantanu Moitra,Behti Hawa Sa Tha Woh,299777,2DxhfuyHsvTvY5uUdClqYu
Vishal-Shekhar,Main Agar Kahoon,308158,0iXLwnLmLwn9y54JtBTNxY
Vishal-Shekhar,Jag Soona Soona Lage,329429,2sVzO3L0fdOMVe8wVlM0IE
Shankar-Ehsaan-Loy,Mitwa,382973,4BTPzhEsyW3blWcxcuhLM0
Shantanu Moitra,Jaane Nahin Denge Tujhe,210396,3A4quJEQQLmFJFAYkYFtd9
A.R. Rahman,Yeh Jo Des Hai Tera,388107,65fbHxPPnRGPXaGN3PtpXd
Pritam,Baatein Kuch Ankahee Si - Unplugged,258800,4yWEl7boNZlIUQ32enHCsi
Madan Mohan,Tere Liye,331677,3i11e2jzUtO3jChiFl3v9x
Badshah,"Garmi (From ""Street Dancer 3D"") (feat. Varun Dhawan)",182739,6q9XTgfWilsnyiFofvYrIF
Vishal,"Dus Bahane 2.0 (From ""Baaghi 3"") (feat. K.K. Shaan Tulsi Kumar)",201655,0z9lOAVgQT5bysEKZ6Wwbk
Various Artists,"Munna Badnaam Hua (From ""Dabangg 3"")",246279,0sS9XWjcZ0FgB3QkDiVwyT
Yash Narvekar,"Muqabla (From ""Street Dancer 3D"")",176125,28veUNu4veN0LOBVa0nFw8
Tony Kakkar,"Dheeme Dheeme (From ""Pati Patni Aur Woh"")",177383,7ofWUKeNCUw1P64ArIwG9b
Sohail Sen,"Shaitan Ka Saala (From ""Housefull 4"")",147395,7IAJzec1UxGYmNvbPTHbxx
B Praak,"Naah Goriye (From ""Bala"")",184618,1CM4rFDU9q4EoLy2K44qE6
Sachin-Jigar,"Odhani (From ""Made in China"")",195397,2q0V50aNlI1RQXJyE5HDgD
Meet Bros.,Dil Ka Telephone,209567,2by8FVjoggo96ntJFHusVw
